id,title,description,content,sourceMedia,author,sourceLink,keywords
29,Hồ sơ / Ảnh đại diện - Chụp ảnh selfie từ trên cao bằng điện thoại thông minh với mèo đen,"Một lời nhắc tạo ảnh mang tính kỹ thuật cao, tập trung vào việc mô phỏng một bức ảnh selfie chụp từ trên cao, góc nhìn từ trên xuống, được chụp bằng camera điện thoại thông minh. Lời nhắc xác định tỉ mỉ các chế độ lỗi của camera (cắt sáng, nhiễu sắc độ), biến dạng ống kính (méo hình nhẹ) và các hiệu ứng nhiếp ảnh tính toán (làm mịn da, quầng sắc nét) để tối đa hóa tính chân thực vật lý và bắt chước một phong cách thẩm mỹ cụ thể, với hình ảnh một người phụ nữ và một con mèo đen.","{
  ""intent"": {
    ""image_type"": ""selfie"",
    ""era_preset"": ""modern_standard"",
    ""notes"": ""Tối đa hóa tính chân thực vật lý bằng cách xác định tương tác ánh sáng-vật liệu và các chế độ lỗi cảm biến.""
  },
  ""subjects"": {
    ""count"": 1,
    ""primary"": {
      ""type"": ""person"",
      ""age_range"": ""20-25"",
      ""gender_presentation"": ""female"",
      ""region_target"": ""unspecified"",
      ""expression"": ""trung tính, nhìn lên"",
      ""pose"": ""nhìn thẳng vào camera từ phía dưới"",
      ""gaze"": ""nhìn vào ống kính""
    },
    ""additional"": [
      {
        ""type"": ""mèo đen"",
        ""position"": ""ngang sàn, nhìn lên"",
        ""material"": ""lông hữu cơ dày với ria mép trong mờ""
      }
    ]
  },
  ""framing_and_perspective"": {
    ""framing"": ""góc_cao_nhìn_xuống"",
    ""subject_fill_ratio"": 0.82,
    ""camera_angle"": ""trực_tiếp_từ_trên_xuống"",
    ""distance"": ""chiều_dài_cánh_tay"",
    ""camera_class"": ""camera_trước_điện_thoại_thông_minh"",
    ""lens_equiv_mm"": 24,
    ""distortion"": {
      ""type"": ""méo_thùng_nhẹ"",
      ""strength_1to5"": 4
    },
    ""perspective_effects"": {
      ""foreground_scale_emphasis_1to5"": 5,
      ""nose_emphasis_1to5"": 3,
      ""ear_recession_1to5"": 4
    },
    ""depth_of_field"": {
      ""mode"": ""tối_thiểu"",
      ""strength_1to5"": 2,
      ""focus_target"": ""mắt""
    }
  },
  ""lighting_and_exposure"": {
    ""key_light"": {
      ""type"": ""đèn_panel_trên_đầu"",
      ""direction"": ""từ_trên_xuống"",
      ""hardness_1to5"": 5,
      ""halo_bloom_1to5"": 2
    },
    ""exposure_behavior"": {
      ""auto_exposure"": true,
      ""hdr_tone_mapping_1to5"": 4,
      ""overall_brightness_1to5"": 5,
      ""contrast_1to5"": 3,
      ""shadow_depth_1to5"": 2,
      ""highlight_overflow_1to5"": 5
    },
    ""failure_modes_active"": {
      ""highlight_clipping"": true,
      ""shadow_chroma_noise"": true,
      ""denoise_smear"": false,
      ""sharpen_halos"": true,
      ""motion_blur"": false,
      ""jpeg_ringing_banding"": false,
      ""banding_in_gradients"": false,
      ""focus_falloff_edge_softness"": true
    }
  },
  ""computational_pipeline"": {
    ""skin_smoothing"": {
      ""method"": ""nhận_biết_cạnh"",
      ""strength_1to5"": 2,
      ""specular_preservation"": ""bắt_buộc""
    },
    ""sharpening"": {
      ""strength_1to5"": 3,
      ""halo_risk_1to5"": 2
    },
    ""noise_and_denoise"": {
      ""shadow_chroma_noise_1to5"": 3,
      ""denoise_smear_1to5"": 2,
      ""grain_strength_1to5"": 2
    },
    ""compression"": {
      ""jpeg_artifacts_1to5"": 1,
      ""banding_risk_1to5"": 1
    },
    ""white_balance"": {
      ""mode"": ""tự_động"",
      ""highlight_temp_bias"": ""lạnh"",
      ""shadow_temp_bias"": ""trung_tính""
    }
  },
  ""region_and_face_feature_sliders"": {
    ""non_stereotype_policy"": ""thanh_trượt_thay_nhãn"",
    ""beauty_mark_under_right_eye"": false,
    ""sliders_1to5"": {
      ""face_oval_vline_1to5"": 3,
      ""cheekbone_prominence_1to5"": 3,
      ""brow_definition_1to5"": 3,
      ""eye_emphasis_1to5"": 4,
      ""eyelid_crease_definition_1to5"": 3,
      ""nose_bridge_definition_1to5"": 3,
      ""lip_fullness_1to5"": 3
    }
  }
}","[""https://cms-assets.youmind.com/media/1768804295304_b0lxqb_G-8FTwBXgAEjkOg.jpg""]","{""name"":""Emily"",""url"":""https://x.com/IamEmily2050""}",https://x.com/IamEmily2050/status/2012833771528307100,"Chân dung, Nhiếp ảnh, Điện ảnh, Nhân vật, UI/UX"
75,Truyện tranh / Bảng phân cảnh - Lưới bảng phân cảnh sản phẩm 3x3 cho danh mục thương hiệu,"Một lời nhắc phức tạp, đa khung được thiết kế để biến một hình ảnh tham chiếu duy nhất thành một lưới bảng phân cảnh 3x3 gắn kết cho một danh mục đầu tư thương hiệu cao cấp. Nó yêu cầu tuân thủ nghiêm ngặt nhận diện sản phẩm tham chiếu trên tất cả chín bảng, mỗi bảng mô tả sản phẩm từ một góc độ, bối cảnh hoặc cận cảnh khác nhau, tập trung vào thiết kế, chất liệu và nhịp điệu thị giác.","Tạo MỘT hình ảnh cuối cùng.

Một lưới storyboard sạch 3×3 [tỷ lệ] với chín ô vuông có kích thước bằng nhau [tỷ lệ] trên tỷ lệ [4:5].

Sử dụng hình ảnh tham khảo làm cơ sở sản phẩm tham khảo. Giữ nguyên sản phẩm, thiết kế bao bì, thương hiệu, vật liệu, màu sắc, tỷ lệ và nhận diện tổng thể trên tất cả chín ô vuông chính xác như hình tham khảo. Sản phẩm phải luôn dễ nhận biết rõ ràng trong mọi khung hình. Nhãn, logo và tỷ lệ phải giữ nguyên chính xác.

Storyboard này là một bản trình bày mockup thiết kế cao cấp dành cho portfolio thương hiệu. Trọng tâm là hình thức, bố cục, vật liệu và nhịp điệu thị giác hơn là tính chân thực hoặc câu chuyện đời sống. Tổng thể phải mang lại cảm giác được tuyển chọn, mang tính biên tập và định hướng thiết kế.

KHUNG HÌNH 1:
Ảnh sản phẩm chụp chính diện trong một thiết lập studio sạch sẽ. Nền trung tính, bố cục cân bằng, trình bày sản phẩm một cách điềm tĩnh và tự tin.

KHUNG HÌNH 2:
Ảnh cận cảnh tập trung vào phần giữa của sản phẩm. Tập trung vào kết cấu bề mặt, vật liệu và chi tiết in ấn.

KHUNG HÌNH 3:
Hiển thị sản phẩm tham khảo được đặt trong một môi trường phù hợp tự nhiên với thương hiệu và danh mục sản phẩm. Thiết lập studio được lấy cảm hứng từ các yếu tố thiết kế và màu sắc của sản phẩm.

KHUNG HÌNH 4:
Sản phẩm được hiển thị đang sử dụng hoặc tương tác trên nền studio trung tính. Các yếu tố tay và tương tác được tối thiểu hóa và tiết chế, vẻ ngoài phù hợp với phong cách của bao bì.

KHUNG HÌNH 5:
Bố cục isometric hiển thị nhiều sản phẩm được sắp xếp theo một trật tự hình học chính xác từ góc isometric trên cùng. Tất cả các sản phẩm được đặt ở cùng một góc isometric trên cùng, cách đều nhau, sạch sẽ, có cấu trúc và đồ họa.

KHUNG HÌNH 6:
Sản phẩm lơ lửng hơi nghiêng trên nền trung tính phù hợp với bảng màu của hình ảnh tham khảo. Vị trí nổi được tạo góc và có chủ ý, sản phẩm lơ lửng tự nhiên trong không gian.

KHUNG HÌNH 7:
Là một ảnh cận cảnh cực độ tập trung vào một chi tiết cụ thể của nhãn, cạnh, kết cấu hoặc đặc tính vật liệu.

KHUNG HÌNH 8:
Sản phẩm trong một bối cảnh bất ngờ nhưng có tính thẩm mỹ mạnh mẽ, mang lại cảm giác táo bạo, mang tính biên tập và ấn tượng về mặt thị giác.
Bối cảnh bất ngờ nhưng được tạo kiểu rất cao. Dựa trên studio và định hướng thiết kế. Bố cục táo bạo nâng tầm thương hiệu.

KHUNG HÌNH 9:
Bố cục rộng hiển thị sản phẩm đang sử dụng, được đặt trong một thiết lập thiết kế tinh tế. Các đạo cụ sạch sẽ, tạo kiểu được kiểm soát, gắn kết với phần còn lại của series.

MÁY ẢNH & PHONG CÁCH:
Hình ảnh studio chất lượng cực cao với giao diện máy ảnh thực. Các góc máy ảnh và khung hình khác nhau trên các khung hình. Độ sâu trường ảnh được kiểm soát, ánh sáng chính xác, vật liệu và phản xạ chính xác. Logic ánh sáng, bảng màu, tâm trạng và ngôn ngữ thị giác phải nhất quán trên tất cả chín ô vuông như một series gắn kết.

ĐẦU RA:
Một lưới 3×3 sạch sẽ không có đường viền, không có văn bản, không có chú thích và không có hình mờ.","[""https://cms-assets.youmind.com/media/1768890742033_jktw5p_G_FaISRWkAAHtDT.jpg"",""https://cms-assets.youmind.com/media/1768890742112_v27ays_G_FaISSXMAArcKp.jpg"",""https://cms-assets.youmind.com/media/1768890742437_dtia2h_G_FaISSXUAApmZI.jpg""]","{""name"":""Vi"",""url"":""https://x.com/tehno_maniak""}",https://x.com/tehno_maniak/status/2013489628456636867,"Nhiếp ảnh, Sản phẩm, Nhân vật, Logo"
76,Truyện tranh / Bảng phân cảnh - Lời nhắc tạo Manga 10+ trang,"Mục này đề cập đến một mẫu prompt được chia sẻ công khai, miễn phí để tạo một bộ manga dài hơn 10 trang bằng cách sử dụng Nano Banana Pro. Mẫu này được dùng làm tài liệu tham khảo để tạo các hình minh họa theo phong cách truyện tranh.",Hướng dẫn tạo một bộ truyện tranh dài hơn 10 trang bằng nanobanana pro.,"[""https://cms-assets.youmind.com/media/1768890725318_v9klr7_G-cuRjib0AAQ6Tn.jpg""]","{""name"":""AI侍うっちー | AI教育 × キャリアUP"",""url"":""https://x.com/Air_AI_ToolDev""}",https://x.com/Air_AI_ToolDev/status/2013393905681682889,"Minh họa, Anime"
77,Truyện tranh / Bảng phân cảnh - Biến ảnh thành 4 phong cách nhân vật sống động,"Một lời nhắc hướng dẫn mô hình biến đổi một bức ảnh gốc thành bốn phong cách nhân vật siêu thực, cực kỳ chi tiết khác nhau. Lời nhắc chỉ định một bức ảnh cận cảnh trung bình, góc rộng với các góc máy cực kỳ năng động và tư thế mạnh mẽ, yêu cầu ảnh gốc làm đầu vào.","Biến bức ảnh gốc thành một bộ 4 nhân vật với phong cách khác nhau, đầy kịch tính, chân thực như ảnh chụp, cực kỳ chi tiết, mỗi nhân vật là một cảnh quay cận cảnh góc rộng với góc máy cực kỳ năng động và tư thế mạnh mẽ trong một phiên bản nhất quán, mở rộng.","[""https://cms-assets.youmind.com/media/1768890733945_a7ah2z_G_C_nrkXAAAUMQN.jpg""]","{""name"":""ANKIT PATEL 🇮🇳 | AI"",""url"":""https://x.com/Ankit_patel211""}",https://x.com/Ankit_patel211/status/2013319725795934590,Nhân vật
78,Truyện tranh / Bảng phân cảnh - Người thật hóa thân thành nhân vật truyện tranh trong thành phố tương lai,"Một lời nhắc tiếng Nhật được sử dụng với Gemini (Nano Banana Pro) và DeeVid AI để tạo video. Lời nhắc mô tả một kịch bản trong đó những người đàn ông và phụ nữ ngoài đời thực bị hút vào một cuốn truyện tranh, biến thành các nhân vật truyện tranh và tạo dáng cuối cùng trước khung cảnh thành phố tương lai. Đây là một ví dụ về lời nhắc tường thuật phức tạp dành cho video AI.","Những người đàn ông và phụ nữ ngoài đời thực bị hút vào một cuốn truyện tranh, biến thành các nhân vật truyện tranh và tạo dáng cuối cùng của hình ảnh trước bối cảnh thành phố tương lai.","[""https://cms-assets.youmind.com/media/1768890729764_1bd0iq_G_Al8FHWwAAwLlD.jpg""]","{""name"":""Takuya,中村卓也,나카무라 타쿠야"",""url"":""https://x.com/nkmr_sun""}",https://x.com/nkmr_sun/status/2013150952207929449,"Tương lai, Nhân vật, Thành phố"
79,Truyện tranh / Bảng phân cảnh - Biến đổi Cyborg tinh tế trong tàu điện ngầm,"Một lời nhắc rất chi tiết để tạo ra một bức ảnh tĩnh điện ảnh siêu thực về một người phụ nữ trên chuyến tàu điện ngầm đang di chuyển, tập trung vào sự biến đổi cyborg tinh tế, giai đoạn đầu (mạch điện phát quang sinh học mờ nhạt, ánh kim cơ học trong một mắt) và một thẩm mỹ khoa học viễn tưởng căng thẳng, thực tế.","{
  ""type"": ""image_generation_prompt"",
  ""language"": ""Tiếng Việt"",
  ""style"": ""ảnh tĩnh điện ảnh siêu thực"",
  ""aspect_ratio"": ""16:9"",
  ""subject"": {
    ""gender"": ""nữ"",
    ""pose"": {
      ""position"": ""đứng một mình"",
      ""orientation"": ""ở giữa, đối diện máy ảnh"",
      ""posture"": ""tĩnh lặng, điềm tĩnh, hơi căng thẳng""
    },
    ""appearance"": {
      ""hood"": ""mặc áo khoác có mũ trùm đầu"",
      ""face"": {
        ""skin_texture"": ""da người chân thực, tự nhiên như ảnh chụp"",
        ""cyborg_transition"": {
          ""stage"": ""giai đoạn đầu"",
          ""details"": [
            ""mạch điện phát quang sinh học mờ nhạt hầu như không nhìn thấy dưới da"",
            ""ánh sáng dịu nhẹ dọc theo một bên má và bên cổ"",
            ""kín đáo và chân thực, không phóng đại""
          ],
          ""eyes"": {
            ""left_or_right_eye"": ""một bên mắt phản chiếu ánh sáng lạnh, cơ khí nhưng vẫn giữ phần lớn nét người""
          }
        }
      },
      ""expression"": ""trung tính nhưng mãnh liệt, đầy dự cảm, bình tĩnh với sự căng thẳng tiềm ẩn""
    }
  },
  ""environment"": {
    ""location"": ""bên trong một chuyến tàu điện ngầm đang di chuyển"",
    ""interior"": {
      ""walls"": ""kim loại chải xước"",
      ""poles"": ""cột thép thẳng đứng"",
      ""floor"": ""sàn công nghiệp cũ kỹ"",
      ""lighting"": ""đèn huỳnh quang mờ, nhấp nháy""
    },
    ""windows"": {
      ""outside_view"": ""hiệu ứng nhòe chuyển động cho thấy tốc độ và sự di chuyển""
    }
  },
  ""lighting"": {
    ""type"": ""ánh sáng điện ảnh tự nhiên"",
    ""contrast"": ""độ tương phản dịu"",
    ""mood"": ""lạnh lẽo, căng thẳng, kín đáo""
  },
  ""color_palette"": {
    ""primary_tones"": [""màu xanh lam bão hòa thấp"", ""màu xám lạnh""],
    ""saturation"": ""thấp, dịu""
  },
  ""camera"": {
    ""depth_of_field"": ""độ sâu trường ảnh nông"",
    ""focus"": ""sắc nét vào khuôn mặt và phần thân trên của người phụ nữ"",
    ""style"": ""ảnh tĩnh điện ảnh cao cấp""
  },
  ""atmosphere"": {
    ""mood"": ""căng thẳng, đầy dự cảm, trước khi biến đổi"",
    ""genre"": ""chủ nghĩa hiện thực khoa học viễn tưởng"",
    ""aesthetic"": ""thực tế, tinh tế, chân thực""
  },
  ""quality"": {
    ""realism"": ""chân thực như ảnh chụp"",
    ""detail_level"": ""cao"",
    ""skin_detail"": ""lỗ chân lông và kết cấu tự nhiên có thể nhìn thấy""
  },
  ""constraints"": [
    ""Không có yếu tố khoa học viễn tưởng phóng đại"",
    ""Không có ánh sáng huyền ảo hoặc hiệu ứng neon"",
    ""Không có phong cách hoạt hình hoặc minh họa"",
    ""Không có ánh sáng quá chói"",
    ""Các yếu tố cyborg phải giữ sự tinh tế và chân thực""
  ],
  ""output_goal"": ""Tạo một hình ảnh điện ảnh chân thực như ảnh chụp về một người phụ nữ đứng một mình bên trong một chuyến tàu điện ngầm đang di chuyển, ghi lại sự biến đổi cyborg giai đoạn đầu tinh tế với tâm trạng căng thẳng, đầy dự cảm và chủ nghĩa hiện thực khoa học viễn tưởng thực tế.""
}","[""https://cms-assets.youmind.com/media/1768890648607_yjt9k8_G_AIfUMXwAE1ZOC.jpg""]","{""name"":""𝗦𝗮𝗻𝗶𝗮"",""url"":""https://x.com/saniaspeaks_""}",https://x.com/saniaspeaks_/status/2013118390630744196,"Chân dung, Nhiếp ảnh, Điện ảnh, Minh họa, Anime, Tương lai, Nội thất, Nhân vật, Văn bản, UI/UX"
80,Truyện tranh / Bảng phân cảnh - Kết xuất Phong cách Tiểu thuyết Đồ họa (Thẩm mỹ Sin City),"Lời nhắc này được thiết kế để tạo ảnh từ ảnh, lấy một hình ảnh đã tải lên và hiển thị các đối tượng theo phong cách truyện tranh đồ họa tương phản cao, rõ nét, chịu ảnh hưởng nặng nề từ Sin City của Frank Miller. Nó yêu cầu bóng sâu, gạch chéo đậm, đường viền mực dày và nền trống rỗng hoàn toàn chỉ với những điểm nhấn màu trắng rõ nét.","Các chủ thể từ hình ảnh được tải lên được thể hiện theo phong cách tiểu thuyết đồ họa tương phản cao, mạnh mẽ, lấy cảm hứng sâu sắc từ phong cách Sin City của Frank Miller. Những bóng đổ sâu, không khoan nhượng định hình cấu trúc cơ bắp và biểu cảm khắc nghiệt, sử dụng kỹ thuật gạch chéo đậm và đường viền mực dày thay vì đổ bóng truyền thống. Ánh sáng chiaroscuro đầy kịch tính nhấn mạnh sự căng thẳng giữa hai nhân vật, với chỉ những điểm sáng trắng nổi bật xuyên qua bố cục chủ yếu là màu đen, trên nền trống rỗng hoàn toàn, trông giống như một khung truyện tranh mạnh mẽ, độc đáo.","[""https://cms-assets.youmind.com/media/1768890739480_1d3phh_G-9u8TdXkAENVpG.jpg""]","{""name"":""Dominus the Prompter"",""url"":""https://x.com/iamdomprompt""}",https://x.com/iamdomprompt/status/2012949546389643603,"Nhân vật, Thành phố"
81,Truyện tranh / Bảng phân cảnh - Chuyển đổi ảnh Selfie thành Claymation,"Một prompt được sử dụng với Nano Banana Pro để biến một bức ảnh selfie thành phong cách hoạt hình đất sét (claymation), tập trung vào kết cấu đất sét chân thực, các dấu vân tay có thể nhìn thấy và sự ấm áp của hoạt hình stop-motion. Prompt được chia sẻ trong hình ảnh thứ hai của tweet.","Cận cảnh một người đàn ông cầm kéo, hoạt hình đất sét, hoạt hình stop motion, mô hình diorama thu nhỏ, kết cấu đất sét chân thực, dấu vân tay có thể nhìn thấy, ánh sáng ấm áp, chi tiết cao, 8k","[""https://cms-assets.youmind.com/media/1768804338107_a7zbes_G-8mdaGW8AImTez.jpg"",""https://cms-assets.youmind.com/media/1768804338163_cp1agf_G-8mbMfWgAAQxUU.jpg""]","{""name"":""ハサミおじさん♪北海道のまちゼミ好きな二代目理容師"",""url"":""https://x.com/hasami_ojisan""}",https://x.com/hasami_ojisan/status/2012870063456686140,"Chân dung, Anime"
82,Truyện tranh / Bảng phân cảnh - Lưới gợi ý kể chuyện theo phong cách phim độc lập,"Một JSON prompt phức tạp, có cấu trúc được thiết kế để tạo ra một lưới kể chuyện gồm 5 hình ảnh với phong cách điện ảnh độc lập thử nghiệm. Nó tập trung vào khoảnh khắc yên bình, hoài niệm của một chàng trai trẻ tại một trạm xe buýt bỏ hoang, nhấn mạnh chủ nghĩa hiện thực thô mộc, độ tương phản thấp và bố cục không hoàn hảo để mô phỏng một cảnh được nhớ lại.","{
  ""concept"": ""một khoảnh khắc tĩnh lặng gợi cảm giác như được hồi ức hơn là chụp ảnh"",
  ""subject"": {
    ""type"": ""chàng trai trẻ"",
    ""age"": ""đầu tuổi 20"",
    ""presence"": ""tinh tế, gần như không được chú ý trong khung hình"",
    ""expression"": ""cảm xúc kìm nén, đôi mắt gợi lên những suy nghĩ chưa hoàn thành"",
    ""skin_tone"": ""tông màu tự nhiên, dịu nhẹ với những điểm không đều trong đời thực"",
    ""features"": ""khuôn mặt không tạo dáng, tư thế thư thái, những khuyết điểm của con người được giữ nguyên""
  },
  ""scene"": {
    ""environment"": ""trạm xe buýt ngoài trời bị bỏ hoang gần lòng sông cạn"",
    ""location"": ""mái che bê tông nứt nẻ, biển báo phai màu, cỏ dại cao mọc um tùm"",
    ""props"": ""ghế dài cũ, ba lô sờn cũ, thời khóa biểu giấy rách"",
    ""time_of_day"": ""chiều muộn ngay trước khi hoàng hôn xanh mờ dần"",
    ""weather"": ""không khí tĩnh lặng, những hạt bụi li ti lơ lửng""
  },
  ""composition"": {
    ""style"": ""lưới kể chuyện 5 hình ảnh, kể chuyện phi tuyến tính"",
    ""shots"": [
      ""cận cảnh cực độ ngón tay đặt trên ghế, tiêu cự nông"",
      ""hình ảnh phản chiếu của chủ thể trên bề mặt kim loại bị trầy xước, khuôn mặt bị biến dạng một phần"",
      ""cảnh trung bình từ phía sau, chủ thể ngồi và hơi gù lưng"",
      ""góc nghiêng được đóng khung qua những ngọn cỏ cao ở tiền cảnh"",
      ""cảnh tĩnh rộng nơi chủ thể xuất hiện nhỏ bé, gần như hòa tan vào không gian""
    ],
    ""camera_angles"": ""quan sát, không hoàn hảo, hơi lệch tâm"",
    ""framing"": ""mất cân bằng có chủ ý, không gian âm chiếm ưu thế trong khung hình""
  },
  ""lighting"": {
    ""type"": ""ánh sáng ban ngày tự nhiên còn sót lại"",
    ""quality"": ""ánh sáng mềm mại, mờ dần, năng lượng thấp"",
    ""color_temperature"": ""màu xanh lam lạnh, bão hòa thấp với những gợi ý của sự mục rữa ấm áp"",
    ""shadows"": ""tinh tế, không rõ ràng, chân thực""
  },
  ""visual_style"": {
    ""mood"": ""hoài niệm, lơ lửng, cảm xúc kìm nén"",
    ""color_grading"": ""tông màu nhạt nhòa với sự phân tách màu sắc nhẹ nhàng"",
    ""contrast"": ""rất thấp, gần như phẳng"",
    ""film_look"": ""phim độc lập thử nghiệm / thẩm mỹ lưu trữ ký ức"",
    ""realism"": ""thô mộc, chống bóng bẩy, không hoàn hảo có chủ ý""
  },
  ""camera_settings"": {
    ""lens"": ""ống kính kiểu tài liệu 40mm–58mm"",
    ""depth_of_field"": ""lấy nét chọn lọc, đôi khi mềm mại"",
    ""focus"": ""ưu tiên bầu không khí hơn độ sắc nét""
  },
  ""quality"": {
    ""resolution"": ""4K"",
    ""detail"": ""kết cấu tự nhiên, dấu hiệu hao mòn rõ ràng, bề mặt chân thực"",
    ""noise"": ""hạt nhiễu hữu cơ giống như phim được quét"",
    ""artifacts"": ""không có, không có biến dạng AI""
  }
}","[""https://cms-assets.youmind.com/media/1768804207523_ob7epm_G-7TrcpWYAAxxO1.jpg""]","{""name"":""Harboriis"",""url"":""https://x.com/harboriis""}",https://x.com/harboriis/status/2012778831330099383,"Nhiếp ảnh, Điện ảnh, Nhân vật, Xe cộ"
83,Truyện tranh / Bảng phân cảnh - So sánh tạo cảnh chiến đấu,"Đây là một prompt được sử dụng để tạo ra một cảnh chiến đấu, so sánh chất lượng đầu ra giữa GPT-image và Nano Banana Pro, sử dụng cùng một prompt và hình ảnh tham chiếu.","Tôi dùng GPT-image để vẽ cảnh chiến đấu ( ´∀｀)
Trái: GPT-image
Phải: nano banana pro
Cùng một lời nhắc, cùng một hình ảnh tham chiếu","[""https://cms-assets.youmind.com/media/1768717587307_p310qo_G-1AcEUacAAylS6.jpg"",""https://cms-assets.youmind.com/media/1768717587316_ack784_G-1AcEfbEAE_rQP.jpg""]","{""name"":""TomoHiko｜AI art"",""url"":""https://x.com/TomoHiko250220""}",https://x.com/TomoHiko250220/status/2012335464406299026,Minh họa
84,Truyện tranh / Bảng phân cảnh - Negative Prompting để tạo Manga trong NanoBanana Pro,"Một template cho 'Forbidden Items' (lời nhắc tiêu cực) được tùy chỉnh đặc biệt để tạo các bảng manga trong NanoBanana Pro, đảm bảo thứ tự đọc, ngôn ngữ và định dạng chính xác.","[Các mục bị cấm]
- Cấm bố cục đọc từ trái sang phải, từ dưới lên trên
- Cấm đối thoại bằng tiếng Anh
- Cấm viết đối thoại theo chiều ngang
- Cấm đơn sắc, đen trắng, nghệ thuật đường nét","[""https://cms-assets.youmind.com/media/1768631214624_w9za9y_G-yIakbbwAA4iDd.jpg""]","{""name"":""健太｜AI活用で個人ビジネスを仕組み化｜無在庫1000人超指導"",""url"":""https://x.com/kenta_business""}",https://x.com/kenta_business/status/2012133143843922078,Anime
85,Truyện tranh / Bảng phân cảnh - Mô hình LEGO Diorama thu nhỏ bối cảnh phim kinh dị 'The Nun',"Một lời nhắc JSON sáng tạo để tạo cảnh mô hình LEGO thu nhỏ mô tả phim trường của bộ phim kinh dị 'The Nun'. Nó bao gồm các mô tả chi tiết về nội thất đá Gothic, nhân vật nữ tu LEGO và nhiều thành viên đoàn làm phim LEGO minifigure (người quay phim, người cầm micro boom, đạo diễn) tương tác với thiết bị làm phim, tất cả được thể hiện bằng ánh sáng điện ảnh kịch tính, độ tương phản cao.","{
  ""scene_overview"": {
    ""setting"": ""Nội thất đá kiểu Gothic giống bối cảnh nhà thờ hoặc thánh đường"",
    ""environment_style"": ""Mô hình LEGO thu nhỏ"",
    ""location_type"": ""Trường quay / sản xuất phim hậu trường"",
    ""time_of_day"": ""Trong nhà, ánh sáng được kiểm soát (tâm trạng đêm điện ảnh)"",
    ""atmosphere"": ""Điện ảnh, kỳ quái, sân khấu, được kiểm soát"",
    ""mood"": ""Hài hước đen tối, ma quái, vui tươi, sáng tạo"",
    ""genre_influence"": [""Kinh dị"", ""Làm phim hậu trường"", ""Kỳ ảo""]
  },

  ""primary_subject"": {
    ""type"": ""Nhân vật LEGO minifigure"",
    ""role"": ""Nữ tu / nhân vật kinh dị"",
    ""appearance"": {
      ""outfit"": ""Áo nữ tu đen với cổ áo trắng"",
      ""face"": ""Mặt trắng bệch, mắt trũng đen, biểu cảm kỳ quái"",
      ""accessories"": ""Dây chuyền thánh giá"",
      ""pose"": ""Đứng yên, đối diện về phía trước""
    },
    ""positioning"": {
      ""location"": ""Nằm ở trung tâm trong một vòm đá lớn"",
      ""background"": ""Hốc hoặc buồng được chiếu sáng màu xanh lam rực rỡ""
    }
  },

  ""supporting_characters"": {
    ""crew_members"": [
      {
        ""role"": ""Người quay phim"",
        ""object_interaction"": ""Vận hành một máy quay phim LEGO lớn"",
        ""position"": ""Phía trước bên trái, ngồi trên xe đẩy máy quay""
      },
      {
        ""role"": ""Người điều khiển micro boom"",
        ""object_interaction"": ""Giữ micro boom hướng về phía chủ thể"",
        ""position"": ""Phía trên bên trái tiền cảnh""
      },
      {
        ""role"": ""Kỹ thuật viên ánh sáng"",
        ""object_interaction"": ""Giữ một tấm phản sáng hình chữ nhật"",
        ""position"": ""Bên phải, đặt trên giá đỡ""
      },
      {
        ""role"": ""Người điều khiển bảng vỗ"",
        ""object_interaction"": ""Giữ một bảng vỗ"",
        ""position"": ""Phía trước trung tâm bên phải""
      },
      {
        ""role"": ""Đạo diễn / Giám sát kịch bản"",
        ""object_interaction"": ""Giữ bảng kẹp và giấy tờ"",
        ""position"": ""Phía dưới bên phải tiền cảnh""
      }
    ],
    ""style"": ""Tất cả các nhân vật đều là LEGO minifigure với tông màu da vàng và nhiều kiểu tóc khác nhau""
  },

  ""props_and_equipment"": {
    ""film_equipment"": [
      ""Máy quay phim LEGO"",
      ""Xe đẩy máy quay trên đường ray"",
      ""Micro boom có kính chắn gió lông"",
      ""Tấm phản sáng"",
      ""Bảng vỗ"",
      ""Màn hình hiển thị nhân vật nữ tu"",
      ""Dây cáp cuộn trên sàn""
    ],
    ""architectural_elements"": [
      ""Tường gạch đá"",
      ""Cửa vòm lớn"",
      ""Hốc tường lõm"",
      ""Sàn đá lát gạch""
    ]
  },
  ""lighting"": {
    ""primary_light"": ""Ánh sáng xanh lục lam mạnh từ phía sau nữ tu"",
    ""secondary_lighting"": ""Ánh sáng studio trung tính ấm áp trên đoàn làm phim và tiền cảnh"",
    ""contrast"": ""Độ tương phản cao giữa nền xanh lạnh và tông màu tiền cảnh ấm áp"",
    ""style"": ""Ánh sáng điện ảnh, kịch tính, lấy cảm hứng kinh dị""
  },

  ""color_palette"": {
    ""dominant_colors"": [""Xám đậm"", ""Đen"", ""Xanh lục lam""],
    ""accent_colors"": [""Vàng ấm (""
  }
}","[""https://cms-assets.youmind.com/media/1768631179842_bt4bpk_G-wvqjobQAIEqnQ.jpg""]","{""name"":""Chandan Singh"",""url"":""https://x.com/cbsingh_oo3""}",https://x.com/cbsingh_oo3/status/2012035545812385829,"Chân dung, Điện ảnh, Nội thất, Nhân vật, Xe cộ, Thời trang, Văn bản, UI/UX, Meme"
86,Truyện tranh / Bảng phân cảnh - Lưới khác biệt biểu cảm của nữ chính,"Một prompt tiếng Nhật cố gắng sử dụng Nano Banana Pro để tạo ra một lưới 16 ô hiển thị các biểu cảm khuôn mặt khác nhau (sự khác biệt về biểu cảm) của một nữ anh hùng, dựa trên một hình ảnh tham chiếu. Prompt chỉ định rằng ô trên cùng bên trái phải là hình ảnh gốc, và 15 ô còn lại phải hiển thị các biến thể trong khi vẫn giữ nguyên phong cách nghệ thuật, tương tự như chức năng tham chiếu giả trong các mô hình cũ hơn.",Tạo các biểu cảm khác nhau cho nhân vật nữ chính. Hiển thị chúng trên màn hình 16 ô. Ô trên cùng bên trái sẽ là hình ảnh gốc. 15 ô còn lại sẽ hiển thị các biến thể biểu cảm khác nhau.,"[""https://cms-assets.youmind.com/media/1768544877373_9olwvv_G-rYHaibQAEAX1W.jpg"",""https://cms-assets.youmind.com/media/1768544877331_a78rtk_G-rYOXja4AA4LhO.jpg""]","{""name"":""SenY"",""url"":""https://x.com/YuuriAmemiya""}",https://x.com/YuuriAmemiya/status/2011658251960721685,Nhân vật
87,Truyện tranh / Bảng phân cảnh - Bảng phân cảnh ba bức về cặp đôi điện ảnh siêu chân thực,"Một lời nhắc JSON bị ràng buộc cao được thiết kế để tạo ra một bức tranh bộ ba (ba tấm dọc) về một cặp đôi trên xích đu, yêu cầu khóa nhận dạng nghiêm ngặt cho cả hai đối tượng và khóa bố cục chính xác dựa trên hình ảnh tham chiếu. Lời nhắc chỉ định kết xuất siêu chân thực, ánh sáng điện ảnh (ống kính 28mm, f/2.8) và các ràng buộc chi tiết để đảm bảo hành động (treo ngược, đẩy) và khuôn mặt được bảo toàn hoàn hảo trên cả ba tấm.","{
  ""generation_request"": {
    ""meta_data"": {
      ""tool"": ""NanoBanana Pro"",
      ""task_type"": ""photoreal_cinematic_couple_triptych_storyboard"",
      ""version"": ""v1.1_SWING_SET_TRIPTYCH_PLAYFUL_UPSIDE_DOWN_ULTRA_REAL"",
      ""priority"": ""highest""
    },
    ""references"": {
      ""female_reference_image"": {
        ""slot"": 1,
        ""purpose"": ""FEMALE_IDENTITY_LOCK"",
        ""strict_identity_lock"": true,
        ""face_similarity_priority"": ""MAX"",
        ""no_identity_blending"": true,
        ""preserve_age_gender"": true,
        ""preserve_skin_texture"": true,
        ""preserve_facial_proportions"": true,
        ""no_beautify"": true,
        ""no_makeup_invention"": true
      },
      ""male_reference_image"": {
        ""slot"": 2,
        ""purpose"": ""MALE_IDENTITY_LOCK"",
        ""strict_identity_lock"": true,
        ""face_similarity_priority"": ""MAX"",
        ""no_identity_blending"": true,
        ""preserve_age_gender"": true,
        ""preserve_skin_texture"": true,
        ""preserve_facial_proportions"": true,
        ""no_beautify"": true,
        ""no_makeup_invention"": true
      },
      ""composition_reference_image"": {
        ""source"": ""UPLOAD_REFERENCE_IMAGE (REQUIRED_FOR_LAYOUT_LOCK)"",
        ""purpose"": ""EXACT_TRIPTYCH_LAYOUT_COMPOSITION_ACTION_LOCK"",
        ""strict_lock"": true,
        ""no_layout_drift"": true,
        ""preserve_framing"": true,
        ""preserve_pose_logic"": true,
        ""preserve_panel_spacing"": true
      }
    },
    ""output_settings"": {
      ""aspect_ratio"": ""4:5"",
      ""orientation"": ""portrait"",
      ""resolution"": ""ultra_high_res"",
      ""render_style"": ""true_photoreal_cinematic_lifestyle"",
      ""sharpness"": ""natural_camera_sharpness_not_ai"",
      ""film_grain"": ""subtle_35mm_analog"",
      ""color_grade"": ""natural_warm_film_neutral_skin"",
      ""dynamic_range"": ""natural_not_hdr"",
      ""skin_rendering"": ""real_microtexture_pores_peachfuzz_no_plastic"",
      ""compression_artifacts"": ""none""
    },
    ""hard_constraints"": [
      ""Chỉ có đúng 2 người (một nữ, một nam)."",
      ""Khuôn mặt phải khớp với các ảnh tham chiếu đã tải lên với độ tương đồng tối đa (không lệch nhận dạng)."",
      ""Bố cục triptych: BA bảng ngang xếp chồng theo chiều dọc trong một ảnh 4:5, chính xác như ảnh tham chiếu bố cục."",
      ""Bối cảnh là bộ xích đu sân chơi ngoài trời, các hành động giống như tham chiếu: treo ngược người vui đùa + đẩy + vươn tay về phía máy ảnh."",
      ""Khuôn mặt phải hiển thị rõ ràng và dễ nhận biết trong TẤT CẢ BA bảng (không có tóc che kín mặt, không quá mờ)."",
      ""Giải phẫu học siêu thực; tay/ngón tay chính xác; nếp gấp quần áo và trọng lực thực tế."",
      ""Hình học của bộ xích đu phải chính xác về mặt vật lý (khung kim loại thẳng, mắt xích đúng, không bị biến dạng)."",
      ""Không có chữ, không có logo, không có hình mờ.""
    ],
    ""camera"": {
      ""style"": ""real_cinematic_lifestyle_photo"",
      ""lens"": ""28mm_full_frame"",
      ""distortion"": ""realistic_28mm_mild_edge_distortion_controlled"",
      ""aperture"": ""f/2.8""
    }
  }
}","[""https://cms-assets.youmind.com/media/1768468569920_isda2w_G-pfFU6bQAIiBBT.jpg""]","{""name"":""Özge Döner"",""url"":""https://x.com/astronomerozge1""}",https://x.com/astronomerozge1/status/2011524755480809767,"Chân dung, Nhóm người, Nhiếp ảnh, Điện ảnh, 3D, Nhân vật, Văn bản, Logo, UI/UX"
88,Truyện tranh / Bảng phân cảnh - Kaiju Kitten Phá Hủy Bờ Sông Sydney,"Một cấu trúc câu lệnh đơn giản, sáng tạo để tạo ra hình ảnh một chú mèo con kaiju khổng lồ đang phá hủy một địa điểm ven sông đô thị cụ thể, được chụp từ góc nhìn mặt đất vào ban ngày.","Một chú mèo con kaiju khổng lồ đang phá hủy khu bờ sông đô thị Sydney, phá hủy {argument name=""landmark name"" default=""[place landmark name here]""}. Góc nhìn từ mặt đất. Trời sáng, ban ngày, bầu trời xanh. Không có mắt phát sáng.","[""https://cms-assets.youmind.com/media/1768466932264_u3apdr_G-jZFFiXwAAZ9QD.jpg"",""https://cms-assets.youmind.com/media/1768466932317_jz61nt_G-jZFFZXQAAnd7O.jpg"",""https://cms-assets.youmind.com/media/1768466932437_dwy33c_G-jZFFpWgAA7pmF.jpg"",""https://cms-assets.youmind.com/media/1768466934659_u7fw7m_G-jZFFzXIAEKAPe.jpg""]","{""name"":""Christopher Fryant"",""url"":""https://x.com/cfryant""}",https://x.com/cfryant/status/2011096484918235260,
89,Truyện tranh / Bảng phân cảnh - Người khổng lồ Urban Fantasy Taylor Swift với Giàn giáo,"Một câu lệnh phức tạp, siêu thực để tạo ra một hình ảnh điện ảnh, siêu thực về một Taylor Swift khổng lồ đứng trên đường phố, được bao quanh bởi giàn giáo xây dựng và những công nhân xây dựng tí hon, nhấn mạnh quy mô và tính thẩm mỹ của thể loại giả tưởng đô thị.","""Một người phụ nữ khổng lồ đứng trên đường phố, trông như đang 'trong quá trình xây dựng' với giàn giáo bao quanh cơ thể cô ấy."",
      ""thẩm mỹ"": ""Tổng hợp siêu thực, điện ảnh, kỳ ảo đô thị.""
    },
    ""chi tiết chủ thể"": {
      ""giống người nổi tiếng"": ""{argument name=""tên người nổi tiếng"" default=""Taylor Swift""}."",
      ""đặc điểm"": {
        ""khuôn mặt"": ""Mắt xanh, son môi đỏ đặc trưng, cấu trúc khuôn mặt rõ nét."",
        ""tóc"": ""Màu vàng óng, dài, gợn sóng buông xõa qua vai.""
      },
      ""trang phục"": {
        ""váy"": ""Váy slip đen satin với cổ chữ V sâu và đường xẻ cao ở đùi phải."",
        ""phụ kiện"": ""Cầm một cốc cà phê dùng một lần màu trắng tiêu chuẩn ở tay phải. Mang một túi xách da màu nâu sang trọng ở tay trái."",
        ""giày dép"": ""Chân trần hoặc giày cao gót (bị che khuất bởi mảnh vụn/vết nứt trên đường).""
      }
    },
    ""yếu tố siêu thực"": {
      ""giàn giáo"": ""Cấu trúc giàn giáo kim loại phức tạp được xây dựng xung quanh cánh tay, thân và chân cô ấy, theo đường nét cơ thể."",
      ""tiểu cảnh"": ""Những công nhân xây dựng nhỏ xíu đội mũ bảo hiểm màu vàng và áo phản quang đang leo giàn giáo trên cơ thể cô ấy."",
      ""phá hủy"": ""Mặt đường nhựa dưới chân cô ấy đang nứt và vỡ vụn dưới sức nặng khổng lồ, tạo thành hình miệng hố.""
    },
    ""tư thế chính xác về giải phẫu"": {
      ""tư thế"": ""Đứng thẳng với một chút contrapposto (trọng lượng dồn về một bên hông)."",
      ""hướng"": ""Hướng về phía trước, cao chót vót so với người xem/thành phố."",
      ""cánh tay phải"": ""Gập ở khuỷu tay, giơ lên để giữ cốc cà phê ngang ngực."",
      ""cánh tay trái"": ""Duỗi xuống giữ túi xách."",
      ""ánh mắt"": ""Nhìn thẳng, giao tiếp bằng mắt bình tĩnh với máy ảnh."",
      ""tỷ lệ"": ""Chủ thể dường như cao khoảng 50 tầng, tương đương chiều cao của các tòa nhà chọc trời xung quanh.""
    },
    ""môi trường"": {
      ""vị trí"": ""Đại lộ ở một đô thị lớn (giống Chicago hoặc NYC)."",
      ""yếu tố"": ""Các tòa nhà chọc trời ở hai bên, giao thông đông đúc với những chiếc taxi và xe buýt màu vàng nhỏ xíu ở phía dưới."",
      ""góc nhìn"": ""Góc nhìn từ trên cao so với thành phố, nhưng ngang tầm mắt so với chủ thể.""
    },
    ""giá trị kỹ thuật máy ảnh"": {
      ""ống kính"": ""35mm (Góc rộng để thu trọn quy mô của chủ thể so với đường chân trời)."",
      ""khẩu độ"": ""f/11 (Độ sâu trường ảnh lớn để giữ cho cả chủ thể khổng lồ và nền thành phố tương đối sắc nét)."",
      ""tốc độ màn trập"": ""1/500s."",
      ""iso"": ""ISO 100."",
      ""độ phân giải"": ""8k, kết cấu độ trung thực cao.""
    },
    ""thiết lập ánh sáng"": {
      ""nguồn"": ""Ánh sáng ban ngày tự nhiên."",
      ""chất lượng"": ""Ánh sáng mặt trời dịu, khuếch tán (hơi nhiều mây)."",
      ""hướng"": ""Từ trên cao/Phía trước."",
      ""bóng"": ""Chủ thể đổ một cái bóng khổng lồ, dài xuống các con phố bên dưới.""","[""https://cms-assets.youmind.com/media/1768466924976_rfpiz3_G-jDv1kbQAM7fh2.jpg""]","{""name"":""Iqra Saifi"",""url"":""https://x.com/IqraSaifiii""}",https://x.com/IqraSaifiii/status/2011072648303018074,"Nhiếp ảnh, Điện ảnh, Xe cộ, Thành phố, Văn bản, UI/UX"
90,"Truyện tranh / Bảng phân cảnh - Lời nhắc tạo tranh truyện tranh năng lượng cao, sẵn sàng in","Một prompt được thiết kế để tạo ra tác phẩm nghệ thuật truyện tranh phi thực tế, tràn đầy năng lượng. Nó chỉ định các đường viền đậm, màu sắc rực rỡ, hành động kịch tính và loại trừ rõ ràng ảnh hoặc chủ nghĩa hiện thực, nhằm mục đích tạo ra một phong cách truyện tranh thuần túy, sẵn sàng để in.","Các ô truyện tràn đầy năng lượng, đường nét táo bạo, màu sắc sống động, hành động kịch tính.

Không ảnh chụp. Không chủ nghĩa hiện thực.

Chỉ là nghệ thuật truyện tranh thuần túy, sẵn sàng in ấn từ một câu lệnh của Nano Banana Pro.","[""https://cms-assets.youmind.com/media/1768466895762_yuf37e_G-jAU1Ua8AEryJz.png"",""https://cms-assets.youmind.com/media/1768466895747_2ylqts_G-jAU2TbgAAN33X.png"",""https://cms-assets.youmind.com/media/1768466895719_0uu95n_G-jAUz8bUAA-WoU.png"",""https://cms-assets.youmind.com/media/1768466896184_jj5v8r_G-jAU3kbQAcQ0Nl.png""]","{""name"":""RentPrompts"",""url"":""https://x.com/rentprompt""}",https://x.com/rentprompt/status/2011068703941775719,
91,Truyện tranh / Bảng phân cảnh - Chân dung siêu thực với phối cảnh cưỡng bức (người khổng lồ và người tí hon),"Một lời nhắc chụp ảnh tổng hợp siêu thực, siêu thực sử dụng phối cảnh cưỡng bức để tạo ra sự khác biệt về tỷ lệ ấn tượng. Nó có cận cảnh cực độ một người đàn ông 'khổng lồ' (khuôn mặt khớp với tham chiếu, há hốc mồm kinh ngạc) với bàn tay nâng niu một phiên bản tí hon của một người đàn ông. Kỹ thuật quay phim sử dụng ống kính chân dung 85mm với độ sâu trường ảnh nông, làm mờ hậu cảnh thành hiệu ứng bokeh mịn màng, nhấn mạnh sự phi lý và tính chân thực của cảnh với độ trung thực của Octane Render.","Một bức ảnh tổng hợp siêu thực, siêu thực tế sử dụng phối cảnh cưỡng bức để tạo ra sự khác biệt về tỷ lệ ấn tượng, với cận cảnh cực gần ở góc nghiêng bên phải của một người đàn ông có khuôn mặt được tải lên làm tham chiếu, biểu cảm của anh ta là kinh ngạc há hốc mồm với miệng hơi mở khi anh ta nhìn xuống. Bàn tay to lớn của anh ta vươn ra mặt phẳng tiêu cự ở bên trái, lòng bàn tay ngửa và mở, nâng niu một phiên bản nhỏ xíu của một người đàn ông đang đứng trực tiếp trên da lòng bàn tay; hình người thu nhỏ mặc áo phông đen và quần kaki màu be rộng, được chụp ở tư thế năng động, hơi khom lưng như thể đang giữ thăng bằng hoặc phản ứng với người khổng lồ. Kỹ thuật quay phim sử dụng độ sâu trường ảnh nông với ống kính chân dung 85mm, giữ cho góc nghiêng của người khổng lồ và hình người thu nhỏ sắc nét trong khi làm mờ hậu cảnh—một nội thất gia đình tông màu ấm với tủ gỗ màu nâu đỏ và các hình dạng màu xanh lam mơ hồ—thành một hiệu ứng bokeh mềm mại, mượt mà. Ánh sáng ấm áp và tự nhiên, gợi ý nguồn sáng vonfram trong nhà, làm nổi bật kết cấu da, lông mặt và tán xạ dưới bề mặt trên khuôn mặt của người khổng lồ, được hiển thị ở độ phân giải 8k với độ chân thực của Octane Render, nhấn mạnh sự phi lý và chân thực của chủ đề ""thu nhỏ"".

Người đàn ông phải được nhìn thấy hoàn toàn","[""https://cms-assets.youmind.com/media/1768466954561_rv5r8j_G-iiLTyaAAEMUOW.jpg""]","{""name"":""Duet | AI"",""url"":""https://x.com/Sheldon056""}",https://x.com/Sheldon056/status/2011035560593309925,"Chân dung, Nhiếp ảnh, 3D, Nội thất, Nhân vật"
92,Truyện tranh / Bảng phân cảnh - Lời nhắc hệ thống Gemini để tạo Manga 10 trang trong Nano Banana Pro,"Một mẫu lời nhắc hệ thống chi tiết được thiết kế cho Gemini để hoạt động như một nhà văn truyện tranh chuyên nghiệp và giám đốc nghệ thuật AI. Nó hướng dẫn Gemini tạo ra một chuỗi lời nhắc tạo truyện tranh dài 10 trang được tối ưu hóa đặc biệt cho Nano Banana Pro, đảm bảo tính nhất quán về nhân vật và phong cách, hiển thị văn bản bằng tiếng Nhật và bố cục bảng điều khiển cụ thể.","Bạn là một ""người viết truyện tranh chuyên nghiệp"" và ""Giám đốc nghệ thuật AI"". Dựa trên [Hình ảnh nhân vật] và [Chủ đề] tôi cung cấp, vui lòng tạo một **chuỗi prompt tạo truyện tranh 10 trang có thể sử dụng trực tiếp với NanoBananaPro (AI tạo hình ảnh hiệu suất cao)**.

## Yêu cầu sản xuất (Tối ưu hóa kết hợp NanoBananaPro)
1. **Định dạng đầu ra**:
   - Xuất mỗi trang dưới định dạng `Code Block` dễ sao chép và dán.
   - **Quy định ngôn ngữ (Chiến lược kết hợp)**:
     - **Mô tả hình ảnh (Visuals)**: Các thông số kỹ thuật về nhân vật, nền và phong cách nghệ thuật phải bằng **""tiếng Anh""** để duy trì tính nhất quán.
     - **Hiển thị văn bản**: Lời thoại và hiệu ứng âm thanh trong bong bóng lời thoại phải được chỉ định bằng **""tiếng Nhật""**.
     - **Tỷ lệ khung hình**: Mỗi trang phải được cấu trúc giả định tỷ lệ khung hình `Dọc 9:16`.

2. **Sử dụng các tính năng cụ thể của NanoBananaPro**:
   - **Hiển thị văn bản**:
     - Mô hình này có thể hiển thị chính xác văn bản tiếng Nhật trong hình ảnh.
     - Mô tả lời thoại tiếng Nhật bằng cách viết `Text: ""[Lời thoại tiếng Nhật]""` trong Prompt.
     - **Hiểu ngữ cảnh**:
     - Mô tả tình huống bằng tiếng Anh gần với ngôn ngữ tự nhiên, không chỉ là một danh sách các từ.

3. **Cấu trúc và định hướng câu chuyện**:
   - **Xác định tiêu đề**: Đưa ra một ""tiêu đề có ý nghĩa cao"" phản ánh chủ đề, truyền tải nội dung trong nháy mắt và thu hút sự chú ý.
     - **Vị trí logo tiêu đề**:
     - Tạo một ""Bảng tiêu đề"" nơi logo tiêu đề được đặt nổi bật trên **Trang 1 hoặc Trang 2**.
     - **Hướng dẫn hiển thị**: Bao gồm các hướng dẫn để hiển thị văn bản tiêu đề dưới dạng ""kiểu chữ trang trí"" trong hình ảnh.
     - **Cấu trúc ""Thiết lập và Điểm nhấn""**:
     - **Trang 1 (Móc câu)**: Bao gồm một ""thiết lập mạnh mẽ (bí ẩn, sốc, đồng cảm)"" thu hút mạnh mẽ sự quan tâm của người đọc.
     - **Trang 10 (Điểm nhấn)**: Phần kết luận, hoặc một tình tiết gay cấn dẫn đến phần tiếp theo.

4. **Quy tắc mô tả trang (Thực thi nghiêm ngặt)**:
   Prompt phải luôn bao gồm các phần sau.
   
   - **Tiêu đề**: `【IMAGE_GEN_ONLY】: Generate a high-resolution professional Japanese manga page. Full Color. Vertical 9:16. 4K.`
   
   - **【STRICT CHARACTER CONSISTENCY (English)】**:
     - **Quan trọng**: **""Mô tả ngoại hình nhân vật (tiếng Anh)""** được tạo ra bằng cách phân tích hình ảnh ban đầu phải được viết trong prompt cho **tất cả các trang**, không thay đổi một từ nào.
     - **Nghiêm cấm**: ""Bỏ qua"" hoặc ""Như trên"" bị **nghiêm cấm**. Toàn bộ định nghĩa phải được viết ra mỗi lần.
     - Ví dụ: `Black bob cut hair, red ribbon, golden eyes, wearing a futuristic cyberpunk school uniform.`
   
   - **【STRICT STYLE CONSISTENCY (English)】**:
     - **Phân tích và cố định phong cách**: Phân tích hình ảnh đầu vào và xác định các đặc điểm của nó (Đường nét, Màu sắc, Ánh sáng) dưới dạng một prompt tiếng Anh chi tiết.
     - **Nghiêm cấm**: Điều này cũng bị **cấm** ""bỏ qua"". Xuất toàn bộ văn bản mỗi lần.
     - Ví dụ: `Thick confident outlines, cel shading with soft gradients, vibrant high-saturation colors, dramatic lighting, anime screentones.`

   - **【PANEL LAYOUT & VISUALS (English + Japanese Text)】**:
     - **Bố cục khung hình**: **Luôn đặt 4 đến 8 khung hình** mỗi trang. (Cấm 3 khung hình trở xuống)
     - **Mô tả nội dung**:
       - `Panel 1 (Top-Right):`
       - `Visual: [Mô tả hành động/góc nhìn bằng tiếng Anh]`
       - `Text: ""[Lời thoại tiếng Nhật trong bong bóng]""`

   - **【PAGE NUMBERING】**:
     - Hướng dẫn hiển thị số trang (ví dụ: ""1"") nhỏ ở góc dưới bên phải.

## Ví dụ mẫu đầu ra

### Trang X

【IMAGE_GEN_ONLY】: Generate a high-resolution professional Japanese manga page. Full Color. Vertical 9:16. --ar 9:16

# STRICT CHARACTER CONSISTENCY (DO NOT CHANGE)
[Dán Mô tả chính xác nhân vật bằng tiếng Anh vào đây... KHÔNG VIẾT TẮT]

# STRICT STYLE CONSISTENCY (DO NOT CHANGE)
[Dán Mô tả chính xác phong cách bằng tiếng Anh vào đây... KHÔNG VIẾT TẮT]

# PAGE NUMBER
Small clear text ""X"" in the bottom-right corner.

# PANEL LAYOUT & VISUALS (Target: 5-8 Panels, Top-Right to Bottom-Left)

## Panel 1 (Top-Right):
- Visual: [English description of the scene and action]
- Text: ""[Japanese Dialogue]""","[""https://cms-assets.youmind.com/media/1768319218713_3ak8ru_G-cuRjib0AAQ6Tn.jpg""]","{""name"":""かし子🍩"",""url"":""https://x.com/Kashiko_AIart""}",https://x.com/Kashiko_AIart/status/2010636586137100687,"Điện ảnh, Anime, Cổ điển, Tương lai, Nhân vật, Văn bản, Logo, UI/UX"
93,Truyện tranh / Bảng phân cảnh - Lưới gợi ý tường thuật ký ức hoài niệm,"Một lời nhắc phức tạp, đa ảnh được thiết kế để tạo ra một lưới kể chuyện gồm 5 hình ảnh với tính thẩm mỹ của một bộ phim độc lập thử nghiệm, tập trung vào một chàng trai trẻ trong một trạm xe buýt bỏ hoang vào buổi tối muộn. Lời nhắc nhấn mạnh độ tương phản thấp, màu sắc bão hòa thấp, sự không hoàn hảo có chủ đích và tập trung vào bầu không khí hơn là độ sắc nét để gợi lên cảm giác ký ức và sự kiềm chế cảm xúc.","{
  ""concept"": ""một khoảnh khắc tĩnh lặng gợi cảm giác như được hồi tưởng hơn là chụp ảnh"",
  ""subject"": {
    ""type"": ""chàng trai trẻ"",
    ""age"": ""đầu 20"",
    ""presence"": ""tinh tế, gần như không được chú ý trong khung hình"",
    ""expression"": ""cảm xúc kìm nén, đôi mắt gợi lên những suy nghĩ chưa hoàn thành"",
    ""skin_tone"": ""tông màu tự nhiên dịu nhẹ với sự không đều chân thực"",
    ""features"": ""khuôn mặt không tạo dáng, tư thế thư thái, những khuyết điểm của con người được giữ nguyên""
  },
  ""scene"": {
    ""environment"": ""trạm xe buýt ngoài trời bị bỏ hoang gần lòng sông cạn"",
    ""location"": ""mái che bê tông nứt nẻ, biển báo phai màu, cỏ dại cao mọc um tùm"",
    ""props"": ""ghế dài cũ kỹ, ba lô sờn cũ, lịch trình xe buýt bằng giấy bị rách"",
    ""time_of_day"": ""chiều muộn ngay trước khi giờ xanh (blue hour) phai nhạt"",
    ""weather"": ""không khí tĩnh lặng, những hạt bụi mờ ảo lơ lửng""
  },
  ""composition"": {
    ""style"": ""lưới kể chuyện 5 hình ảnh, kể chuyện phi tuyến tính"",
    ""shots"": [
      ""cận cảnh cực độ ngón tay đặt trên ghế, lấy nét nông"",
      ""hình ảnh phản chiếu của chủ thể trong bề mặt kim loại bị trầy xước, khuôn mặt bị biến dạng một phần"",
      ""cảnh trung bình từ phía sau, chủ thể đang ngồi và hơi khom lưng"",
      ""góc nghiêng được đóng khung qua đám cỏ cao ở tiền cảnh"",
      ""cảnh tĩnh rộng nơi chủ thể xuất hiện nhỏ bé, gần như hòa tan vào không gian""
    ],
    ""camera_angles"": ""quan sát, không hoàn hảo, hơi lệch tâm"",
    ""framing"": ""sự mất cân bằng có chủ đích, không gian âm chiếm ưu thế trong khung hình""
  },
  ""lighting"": {
    ""type"": ""ánh sáng ban ngày tự nhiên còn sót lại"",
    ""quality"": ""ánh sáng dịu, mờ dần, năng lượng thấp"",
    ""color_temperature"": ""màu xanh lam lạnh, bão hòa thấp với những gợi ý về sự mục nát ấm áp"",
    ""shadows"": ""tinh tế, không rõ ràng, chân thực""
  },
  ""visual_style"": {
    ""mood"": ""hoài niệm, lơ lửng, cảm xúc kìm nén"",
    ""color_grading"": ""tông màu nhạt nhòa với sự phân tách màu sắc nhẹ nhàng"",
    ""contrast"": ""rất thấp, gần như phẳng"",
    ""film_look"": ""phim độc lập thử nghiệm / thẩm mỹ lưu trữ ký ức"",
    ""realism"": ""thô mộc, chống bóng bẩy, cố tình không hoàn hảo""
  },
  ""camera_settings"": {
    ""lens"": ""ống kính kiểu tài liệu 40mm–58mm"",
    ""depth_of_field"": ""lấy nét chọn lọc, đôi khi mềm mại"",
    ""focus"": ""ưu tiên không khí hơn độ sắc nét""
  },
  ""quality"": {
    ""resolution"": ""4K"",
    ""detail"": ""kết cấu tự nhiên, độ hao mòn rõ ràng, bề mặt chân thực"",
    ""noise"": ""hạt nhiễu hữu cơ giống như phim được quét"",
    ""artifacts"": ""không có, không có biến dạng AI""
  }
}","[""https://cms-assets.youmind.com/media/1768319212720_ynv3sq_G-bpAQIaEAA8ZZM.jpg""]","{""name"":""Duet | AI"",""url"":""https://x.com/Sheldon056""}",https://x.com/Sheldon056/status/2010550490321596767,"Nhiếp ảnh, Điện ảnh, Nhân vật, Xe cộ"
123,Hình ảnh chính thương mại điện tử - Bộ Sưu Tập Sô Cô La Cao Cấp 2x2,"Một lời nhắc có cấu trúc để tạo ảnh ghép lưới 2x2 gồm các bức ảnh ẩm thực chuyên nghiệp có độ phân giải cao tập trung vào sô cô la hảo hạng. Mỗi ô thể hiện một khía cạnh khác nhau của sô cô la (thanh, kẹo truffle, sô cô la fondue và quy trình làm), chỉ định ánh sáng (ánh sáng studio mềm, khuếch tán) và bảng màu (màu nâu đậm, đỏ thẫm) để tạo ra một tâm trạng sang trọng và hấp dẫn.","{
  ""image_metadata"": {
    ""title"": ""Bộ Sưu Tập Sô-cô-la Cao Cấp"",
    ""layout"": ""Bố cục lưới bốn ô (ảnh ghép 2x2)"",
    ""theme"": ""Nghệ thuật ẩm thực và bánh kẹo"",
    ""image_type"": ""Ảnh chụp thực phẩm chuyên nghiệp độ phân giải cao""
  },
  ""panels"": [
    {
      ""position"": ""top_left"",
      ""subject"": ""Thanh Sô-cô-la Đen Thủ Công"",
      ""details"": {
        ""base"": ""Hai thanh sô-cô-la đen dày"",
        ""toppings"": [""Hạnh nhân nguyên hạt"", ""Nửa quả óc chó"", ""Nam việt quất sấy khô"", ""Hạt điều""],
        ""surface"": ""Mặt bàn gỗ mộc mạc đã phong hóa"",
        ""composition"": ""Ảnh cận cảnh góc nghiêng làm nổi bật kết cấu""
      }
    },
    {
      ""position"": ""top_right"",
      ""subject"": ""Hộp Kẹo Sô-cô-la Truffle Tổng Hợp"",
      ""details"": {
        ""packaging"": ""Hộp quà màu nâu sẫm trang nhã với đế màu kem"",
        ""varieties"": [
          ""Sô-cô-la sữa xoắn ốc"",
          ""Kẹo truffle sô-cô-la trắng sọc"",
          ""Viên sô-cô-la đen phủ bột ca cao"",
          ""Miếng vuông điểm lá vàng"",
          ""Kẹo praline phủ hạt phỉ""
        ],
        ""quantity"": ""12 miếng thủ công có thể nhìn thấy trong từng khay giấy riêng""
      }
    },
    {
      ""position"": ""bottom_left"",
      ""subject"": ""Tháp Sô-cô-la Fondue"",
      ""details"": {
        ""fountain"": ""Tháp nhiều tầng bằng thép không gỉ với sô-cô-la sữa chảy"",
        ""dipping_items"": [""{argument name=\""dipping item 1\"" default=\""Dâu tây đỏ tươi\""}"", ""{argument name=\""dipping item 2\"" default=\""Kẹo dẻo marshmallow trắng và hồng bông xốp\""}""],
        ""background"": ""Nền bokeh (làm mờ) mềm mại hiển thị thêm các món ăn vặt khác"",
        ""vibe"": ""Bữa tiệc tráng miệng hoặc tiệc buffet sang trọng""
      }
    },
    {
      ""position"": ""bottom_right"",
      ""subject"": ""Quy Trình Làm Sô-cô-la"",
      ""details"": {
        ""person"": ""Đầu bếp mặc đồng phục ẩm thực chuyên nghiệp màu trắng"",
        ""action"": ""Đổ sô-cô-la lỏng đã được tôi luyện từ bình kim loại vào khuôn polycarbonate trong suốt"",
        ""equipment"": [""Khuôn sô-cô-la"", ""Bát trộn"", ""Bàn bếp chuyên nghiệp""],
        ""focus"": ""Sự chính xác và kỹ năng thủ công trong việc tôi luyện sô-cô-la""
      }
    }
  ],
  ""aesthetic_summary"": {
    ""lighting"": ""Ánh sáng studio mềm mại, khuếch tán để tăng cường kết cấu thực phẩm"",
    ""color_scheme"": ""Màu nâu đậm, đỏ thẫm, trắng kem và tông màu gỗ ấm áp"",
    ""overall_mood"": ""Thỏa mãn, tinh tế và hấp dẫn""
  }
}","[""https://cms-assets.youmind.com/media/1768631150315_8xogzk_G-y5TM2agAA8q6n.jpg""]","{""name"":""Bahar azam"",""url"":""https://x.com/BaharAzamm561""}",https://x.com/BaharAzamm561/status/2012186879136035098,"Chân dung, Nhiếp ảnh, Điện ảnh, Đồ ăn, Nhân vật, Xe cộ, UI/UX"
124,Tài sản trò chơi - Quy trình làm việc để chuyển đổi phong cách và tạo storyboard,"Đây không phải là một lời nhắc duy nhất mà là mô tả về quy trình làm việc nhiều bước sử dụng Nano Banana Pro để chuyển đổi phong cách và tạo bảng phân cảnh, yêu cầu cả hình ảnh nhân vật và hình ảnh tham chiếu cho phong cách mong muốn (nhân vật 'phồng lên').","hình ảnh thực tế của nhân vật của tôi + hình ảnh tham chiếu của một nhân vật ""phồng lên""","[""https://cms-assets.youmind.com/media/1768890736096_xfe39s_G_C2IC_XgAA2YbQ.jpg"",""https://cms-assets.youmind.com/media/1768890736113_3oxikz_G_C2IDAWsAAyRJ2.jpg"",""https://cms-assets.youmind.com/media/1768890736408_czx7hx_G_C2IDAWUAAhSiy.jpg""]","{""name"":""proper"",""url"":""https://x.com/ProperPrompter""}",https://x.com/ProperPrompter/status/2013309729167089868,"Nhân vật, Trò chơi"